{
  "accuracy": 0.4444444444444444,
  "precision": 0.28125,
  "recall": 0.8181818181818182,
  "f1": 0.4186046511627907,
  "auroc": 0.6577540106951871
}