{
  "rmse": 7.397347444609512,
  "mae": 6.607932901382446,
  "r2": -0.3833897273776341
}