{
  "accuracy": 0.5826771653543307,
  "precision": 0.609746915849278,
  "recall": 0.5826771653543307,
  "f1": 0.5900311916056433
}