{
  "morans_i": 0.17491639946893742,
  "morans_p_value": 0.001,
  "spatial_lag_r2": 0.8629499217326018,
  "spatial_lag_accuracy": 0.9417093343836156
}