{
  "ARIMA": {
    "rmse": 7.640375274320411,
    "mae": 7.0224049368965344,
    "mape": 270.01465271086647
  },
  "SARIMA": {
    "rmse": 9.851985267124114,
    "mae": 6.595161063390046,
    "mape": 185.19085411592113
  },
  "Prophet": {
    "rmse": 9.815395840074304,
    "mae": 6.565204363161202,
    "mape": 184.9260335932553
  }
}